lambda,r,phi,x,y
0.00000000,30.00000000,0.00000000,30.00000000,0.00000000
0.10000000,29.90189044,0.00066885,29.90188375,0.02000000
0.60000000,29.41152669,0.00408004,29.41128189,0.11999997
2.13968694,27.90357905,0.01533683,27.90029740,0.42793565
3.68653678,26.39215678,0.02793986,26.38185612,0.73729711
5.16010360,24.95620257,0.04136377,24.93485606,1.03198831
6.55157838,23.60430579,0.05553703,23.56791304,1.31023916
7.86317339,22.33425077,0.07046505,22.27882532,1.57248209
9.09921380,21.14175994,0.08617182,21.06331356,1.81957007
10.26427444,20.02231841,0.10268616,19.91684900,2.05240356
11.36266305,18.97167586,0.12003640,18.83516095,2.27182684
12.39824545,17.98601117,0.13824663,17.81440923,2.47859266
13.37438585,17.06198215,0.15733290,16.85124429,2.67335005
14.29395003,16.19671236,0.17729934,15.94280625,2.85664489
15.15936863,15.38771942,0.19813474,15.08666550,3.02893263
15.97276730,14.63278119,0.21981082,14.28069769,3.19060476
16.73615390,13.92975299,0.24228347,13.52290189,3.34202675
17.45162187,13.27637773,0.26549741,12.81120139,3.48357926
18.12150689,12.67014864,0.28939323,12.14328845,3.61568973
18.74844733,12.10826842,0.31391472,11.51656224,3.73884450
19.33534242,11.58770529,0.33901429,10.92816704,3.85358001
19.88524320,11.10530863,0.36465574,10.37509672,3.96046054
20.40122520,10.65793655,0.39081454,9.85431827,4.06005210
20.88627876,10.24256199,0.41747674,9.36287873,4.15289995
21.34323254,9.85634411,0.44463716,8.89798017,4.23951271
21.77471018,9.49666676,0.47229770,8.45702238,4.32035322
22.18311314,9.16115152,0.50046582,8.03762004,4.39583455
22.57062114,8.84765413,0.52915337,7.63760261,4.46631951
22.93920314,8.55425122,0.55837576,7.25500391,4.53212227
23.29063384,8.27922238,0.58815137,6.88804614,4.59351103
23.62651235,8.02103054,0.61850117,6.53512192,4.65071096
23.94828101,7.77830266,0.64944849,6.19477594,4.70390724
24.25724346,7.54981150,0.68101887,5.86568755,4.75324766
24.55458124,7.33445918,0.71324009,5.54665466,4.79884502
24.84136885,7.13126236,0.74614214,5.23657924,4.84077894
25.11858719,6.93933933,0.77975733,4.93445441,4.87909726
25.38713560,6.75789865,0.81412041,4.63935301,4.91381702
25.64784245,6.58622928,0.84926872,4.35041762,4.94492494
25.90147460,6.42369215,0.88524236,4.06685181,4.97237743
26.14874581,6.26971281,0.92208445,3.78791251,4.99610023
26.39032426,6.12377518,0.95984130,3.51290353,5.01598757
26.62683930,5.98541628,0.99856271,3.24116986,5.03190084
26.85888755,5.85422175,1.03830221,2.97209300,5.04366687
27.08703845,5.72982218,1.07911735,2.70508711,5.05107571
27.31183935,5.61189010,1.12106996,2.43959598,5.05387791
27.53382010,5.50013771,1.16422642,2.17509095,5.05178129
27.75349736,5.39431517,1.20865789,1.91106984,5.04444726
27.97137841,5.29420959,1.25444042,1.64705708,5.03148668
28.18796448,5.19964464,1.30165499,1.38260518,5.01245522
28.40375345,5.11048084,1.35038729,1.11729820,4.98684862
28.61924169,5.02661653,1.40072717,0.85075742,4.95409786
28.83492444,4.94798968,1.45276752,0.58265032,4.91356494
29.05129413,4.87458038,1.50660234,0.31270388,4.86454008
29.26883539,4.80641414,1.56232347,0.04072359,4.80624161
29.48801524,4.74356570,1.62001543,-0.23337979,4.73782117
29.70926628,4.68616296,1.67974758,-0.50955384,4.65837720
29.93296064,4.63438981,1.74156272,-0.78755729,4.56698177
30.15937352,4.58848618,1.80546166,-1.06690335,4.46272592
30.38863862,4.54874218,1.87138458,-1.34680128,4.34478788
30.62070470,4.51548304,1.93919241,-1.62611390,4.21252189
30.85531193,4.48904273,2.00865503,-1.90335927,4.06555385
31.09201061,4.46972891,2.07945482,-2.17678486,3.90385505
31.33023276,4.45778855,2.15121027,-2.44451813,3.72776204
31.56939861,4.45338670,2.22351458,-2.70475604,3.53792988
31.80901608,4.45660596,2.29597472,-2.95592838,3.33523973
32.04931448,4.46749834,2.36841129,-3.19735452,3.12017075
32.29086715,4.48616467,2.44074627,-3.42876067,2.89296970
32.53340297,4.51265999,2.51264877,-3.64915918,2.65475752
32.77654494,4.54697364,2.58376680,-3.85768875,2.40690814
33.01981755,4.58901282,2.65373881,-4.05366255,2.15101338
33.26268101,4.63859450,2.72221293,-4.23662173,1.88880789
33.50459397,4.69545222,2.78887233,-4.40638349,1.62205305
33.74509699,4.75926175,2.85346230,-4.56306989,1.35239254
33.98389264,4.82968170,2.91581063,-4.70710116,1.08121410
34.22089316,4.90639703,2.97583387,-4.83914720,0.80955927
34.45622278,4.98915272,3.03352820,-4.96004958,0.53810131
34.69018487,5.07777167,3.08895076,-5.07073761,0.26718007
34.92321482,5.17215896,3.14219873,-5.17215801,-0.00313470
35.15583540,5.27229794,3.19339146,-5.26522643,-0.27297661
35.38862280,5.37824304,3.24265743,-5.35079949,-0.54262607
35.62218420,5.49011259,3.29012573,-5.42966222,-0.81246813
35.85714516,5.60808291,3.33592104,-5.50252524,-1.08296345
36.09414403,5.73238432,3.38016097,-5.57002768,-1.35462971
36.33383118,5.86329895,3.42295495,-5.63274271,-1.62803075
36.57687136,6.00116025,3.46440390,-5.69118439,-1.90377114
36.82394824,6.14635397,3.50460054,-5.74581448,-2.18249471
37.07577044,6.29932068,3.54362986,-5.79704911,-2.46488593
37.33307874,6.46055943,3.58156978,-5.84526483,-2.75167354
37.59665434,6.63063296,3.61849174,-5.89080412,-3.04363603
37.86732812,6.81017409,3.65446138,-5.93398029,-3.34160875
38.14599104,6.99989367,3.68953908,-5.97508192,-3.64649248
38.43360564,7.20059000,3.72378050,-6.01437675,-3.95926366
38.73121884,7.41315991,3.75723694,-6.05211527,-4.28098595
39.03997582,7.63861138,3.78995570,-6.08853391,-4.61282328
39.36113497,7.87807753,3.82198020,-6.12385792,-4.95605385
39.69608296,8.13283159,3.85334996,-6.15830400,-5.31208448
40.04634864,8.40430123,3.88410023,-6.19208247,-5.68246372
40.41361281,8.69408009,3.91426134,-6.22539907,-6.06889076
40.79970883,9.00393158,3.94385732,-6.25845595,-6.47321505
41.20660552,9.33577729,3.97290382,-6.29145156,-6.89741799
41.63635972,9.69165776,4.00140501,-6.32457871,-7.34356414
42.09102332,10.07365054,4.02934948,-6.35802027,-7.81370677
42.57249414,10.48373343,4.05670574,-6.39194216,-8.30973779
43.08232388,10.92360111,4.08341930,-6.42648471,-8.83319622
43.62154410,11.39448751,4.10941447,-6.46175627,-9.38509731
44.19061854,11.89709401,4.13460392,-6.49783443,-9.96589151
44.78960846,12.43171143,4.15890531,-6.53477841,-10.57563805
45.41851322,12.99851505,4.18225825,-6.57264882,-11.21435157
46.07762494,13.59789280,4.20463377,-6.61152521,-11.88235764
46.76775117,14.23066814,4.22603352,-6.65151488,-12.58051133
47.49027812,14.89818139,4.24648246,-6.69275295,-13.31025419
48.24713403,15.60227606,4.26601980,-6.73539820,-14.07357202
49.04072128,16.34525014,4.28469163,-6.77962836,-14.87292310
49.87385685,17.12980986,4.30254589,-6.82563685,-15.71117652
50.74973517,17.95904039,4.31962939,-6.87363116,-16.59157396
51.67191345,18.83639538,4.33598631,-6.92383263,-17.51771483
52.64431578,19.76570303,4.35165750,-6.97647735,-18.49356050
53.67125196,20.75118533,4.36668039,-7.03181778,-19.52345337
54.75744796,21.79748847,4.38108903,-7.09012488,-20.61214770
55.90808619,22.90972255,4.39491437,-7.15169077,-21.76485025
57.12885487,24.09351028,4.40818452,-7.21683170,-22.98726991
58.42600612,25.35504441,4.42092506,-7.28589153,-24.28567606
59.80642328,26.70115436,4.43315929,-7.35924548,-25.66696612
61.27769833,28.13938298,4.44490852,-7.43730456,-27.13874307
62.84822036,29.67807455,4.45619227,-7.52052038,-28.70940407
64.52727681,31.32647542,4.46702846,-7.60939069,-30.38824174
